{
  "total_cycles": 5,
  "avg_cycle_time": 1.07802152633667e-05,
  "last_cycle_time": 2.4557113647460938e-05,
  "errors_count": 0,
  "night_cycles_count": 0,
  "shutdown_time": "2025-08-03T00:07:58.326245"
}