{
  "total_cycles": 5,
  "avg_cycle_time": 1.1832237243652347e-05,
  "last_cycle_time": 1.9788742065429688e-05,
  "errors_count": 0,
  "night_cycles_count": 0,
  "shutdown_time": "2025-08-02T13:27:31.940910"
}