{
  "timestamp": "2025-07-22T16:42:28.800032",
  "performance_summary": {
    "target_ms": 200.0,
    "overall_mean_ms": 587.939164109929,
    "overall_p95_ms": 1109.9055666903344,
    "all_tests_passed": false,
    "tests_passed": 3,
    "total_tests": 6,
    "overall_success_rate": 1.0
  },
  "test_results": {
    "Memory Storage": {
      "passed": false,
      "mean_ms": 600.3880080045201,
      "median_ms": 559.8504999652505,
      "p95_ms": 945.1323000248522,
      "p99_ms": 1014.779300079681,
      "max_ms": 1014.779300079681,
      "min_ms": 437.3801000183448,
      "success_rate": 1.0,
      "total_operations": 50
    },
    "Memory Retrieval": {
      "passed": true,
      "mean_ms": 77.61796199949458,
      "median_ms": 10.58620004914701,
      "p95_ms": 197.4554000189528,
      "p99_ms": 287.5011999858543,
      "max_ms": 287.5011999858543,
      "min_ms": 5.655999993905425,
      "success_rate": 1.0,
      "total_operations": 50
    },
    "Concept Clustering": {
      "passed": true,
      "mean_ms": 0.1594466584113737,
      "median_ms": 0.1468999544158578,
      "p95_ms": 0.211200094781816,
      "p99_ms": 0.3651999868452549,
      "max_ms": 0.3651999868452549,
      "min_ms": 0.10139995720237494,
      "success_rate": 1.0,
      "total_operations": 30
    },
    "Plugin Memory Integration": {
      "passed": false,
      "mean_ms": 817.180619998835,
      "median_ms": 758.9000998996198,
      "p95_ms": 1150.1347000012174,
      "p99_ms": 1175.9889000095427,
      "max_ms": 1175.9889000095427,
      "min_ms": 416.8176999082789,
      "success_rate": 1.0,
      "total_operations": 25
    },
    "Concurrent Access": {
      "passed": false,
      "mean_ms": 1970.2885280014016,
      "median_ms": 2004.828799981624,
      "p95_ms": 4220.509000006132,
      "p99_ms": 4657.331799971871,
      "max_ms": 4657.331799971871,
      "min_ms": 61.59309996291995,
      "success_rate": 1.0,
      "total_operations": 50
    },
    "Memory Health Monitoring": {
      "passed": true,
      "mean_ms": 62.00041999691166,
      "median_ms": 54.581299948040396,
      "p95_ms": 145.99079999607056,
      "p99_ms": 145.99079999607056,
      "max_ms": 145.99079999607056,
      "min_ms": 49.7828999068588,
      "success_rate": 1.0,
      "total_operations": 20
    }
  },
  "benchmark_configuration": {
    "target_ms": 200.0,
    "test_count": 6
  }
}